{
  "mean": [
    0.3447031080722809,
    0.3801785111427307,
    0.40720677375793457
  ],
  "std": [
    0.20484785735607147,
    0.1395629346370697,
    0.11792959272861481
  ]
}